<?xml version="1.0"?>
<metadata xml:lang="zh"><Esri><CreaDate>20230510</CreaDate><CreaTime>16150500</CreaTime><ArcGISFormat>1.0</ArcGISFormat><SyncOnce>FALSE</SyncOnce><DataProperties><itemProps><itemName Sync="TRUE">QINGDAOCITY</itemName><imsContentType Sync="TRUE" export="False">002</imsContentType><itemSize Sync="TRUE">0.000</itemSize><itemLocation><linkage Sync="TRUE">file://\\LAPTOP-1F0435CB\D$\I3\DATA\QINGDAO\QINGDAOCITY.shp</linkage><protocol Sync="TRUE">Local Area Network</protocol></itemLocation></itemProps><coordRef><type Sync="TRUE">Projected</type><geogcsn Sync="TRUE">GCS_Krasovsky_1940</geogcsn><csUnits Sync="TRUE">Linear Unit: Meter (1.000000)</csUnits><projcsn Sync="TRUE">Krasovsky_1940_Albers</projcsn><peXml Sync="TRUE">&lt;ProjectedCoordinateSystem xsi:type='typens:ProjectedCoordinateSystem' xmlns:xsi='http://www.w3.org/2001/XMLSchema-instance' xmlns:xs='http://www.w3.org/2001/XMLSchema' xmlns:typens='http://www.esri.com/schemas/ArcGIS/3.0.0'&gt;&lt;WKT&gt;PROJCS[&amp;quot;Krasovsky_1940_Albers&amp;quot;,GEOGCS[&amp;quot;GCS_Krasovsky_1940&amp;quot;,DATUM[&amp;quot;D_Krasovsky_1940&amp;quot;,SPHEROID[&amp;quot;Krasovsky_1940&amp;quot;,6378245.0,298.3]],PRIMEM[&amp;quot;Greenwich&amp;quot;,0.0],UNIT[&amp;quot;Degree&amp;quot;,0.0174532925199433]],PROJECTION[&amp;quot;Albers&amp;quot;],PARAMETER[&amp;quot;False_Easting&amp;quot;,0.0],PARAMETER[&amp;quot;False_Northing&amp;quot;,0.0],PARAMETER[&amp;quot;Central_Meridian&amp;quot;,105.0],PARAMETER[&amp;quot;Standard_Parallel_1&amp;quot;,25.0],PARAMETER[&amp;quot;Standard_Parallel_2&amp;quot;,47.0],PARAMETER[&amp;quot;Latitude_Of_Origin&amp;quot;,0.0],UNIT[&amp;quot;Meter&amp;quot;,1.0]]&lt;/WKT&gt;&lt;XOrigin&gt;-17330900&lt;/XOrigin&gt;&lt;YOrigin&gt;-4694300&lt;/YOrigin&gt;&lt;XYScale&gt;259859535.706195&lt;/XYScale&gt;&lt;ZOrigin&gt;-100000&lt;/ZOrigin&gt;&lt;ZScale&gt;10000&lt;/ZScale&gt;&lt;MOrigin&gt;-100000&lt;/MOrigin&gt;&lt;MScale&gt;10000&lt;/MScale&gt;&lt;XYTolerance&gt;0.001&lt;/XYTolerance&gt;&lt;ZTolerance&gt;0.001&lt;/ZTolerance&gt;&lt;MTolerance&gt;0.001&lt;/MTolerance&gt;&lt;HighPrecision&gt;true&lt;/HighPrecision&gt;&lt;/ProjectedCoordinateSystem&gt;</peXml></coordRef><lineage><Process ToolSource="d:\arcgis pro\Resources\ArcToolbox\toolboxes\Conversion Tools.tbx\ExportFeatures" Date="20230510" Time="161505" Name="" export="">ExportFeatures shi2022 D:\I3\DATA\QINGDAO\QINGDAOCITY.shp # NOT_USE_ALIAS "省 "省" true true false 50 Text 0 0,First,#,shi2022,省,0,50;省代码 "省代码" true true false 10 Long 0 10,First,#,shi2022,省代码,-1,-1;市 "市" true true false 50 Text 0 0,First,#,shi2022,市,0,50;市代码 "市代码" true true false 10 Long 0 10,First,#,shi2022,市代码,-1,-1;市类型 "市类型" true true false 50 Text 0 0,First,#,shi2022,市类型,0,50;省类型 "省类型" true true false 50 Text 0 0,First,#,shi2022,省类型,0,50;面积 "面积" true true false 13 Float 0 0,First,#,shi2022,面积,-1,-1" #</Process></lineage></DataProperties><SyncDate>20230510</SyncDate><SyncTime>16150500</SyncTime><ModDate>20230515</ModDate><ModTime>17305600</ModTime><scaleRange><minScale>150000000</minScale><maxScale>5000</maxScale></scaleRange><ArcGISProfile>ISO19139</ArcGISProfile></Esri><dataIdInfo><envirDesc Sync="TRUE">Microsoft Windows 10 Version 10.0 (Build 22000) ; Esri ArcGIS 13.0.2.36056</envirDesc><dataLang><languageCode value="zho" Sync="TRUE"/><countryCode value="CHN" Sync="TRUE"/></dataLang><idCitation xmlns=""><resTitle Sync="TRUE">QINGDAOCITY</resTitle><presForm xmlns=""><PresFormCd value="005" Sync="TRUE"/></presForm><date><createDate>2023-03-15T00:00:00</createDate></date></idCitation><spatRpType><SpatRepTypCd value="001" Sync="TRUE"/></spatRpType><idPurp>The base data for [Administrative Region 2021] was obtained by Qingda from a mainstream web map. Qing Da, pseudonym of WenDao Woodworker, public number: Qing_master. 
CityDast checked the data for errors and revised it in light of the Ministry of Civil Affairs' 2021 zoning adjustments, adding relevant fields. Although the data has been processed in detail, it may still contain errors and is not authoritative, so use with caution. As the data compiler, the number reader does not claim ownership of the data, but expects any individual or organisation to respect the labour of compiling and processing the data. It is not expected that any public figure will disseminate the data privately.</idPurp><idAbs>&lt;DIV STYLE="text-align:Left;"&gt;&lt;DIV&gt;&lt;DIV&gt;&lt;P STYLE="text-align:Justify;"&gt;&lt;SPAN&gt;Extracting the city boundaries of Ching Dao from this data.&lt;/SPAN&gt;&lt;/P&gt;&lt;P STYLE="text-align:Justify;"&gt;&lt;SPAN&gt;The base data for [Administrative Region 2021] was obtained by Qingda from a mainstream web map. Qing Da, pseudonym of WenDao Woodworker, public number: Qing_master. &lt;/SPAN&gt;&lt;/P&gt;&lt;P STYLE="text-align:Justify;"&gt;&lt;SPAN&gt;CityDast checked the data for errors and revised it in light of the Ministry of Civil Affairs' 2021 zoning adjustments, adding relevant fields. Although the data has been processed in detail, it may still contain errors and is not authoritative, so use with caution. As the data compiler, the number reader does not claim ownership of the data, but expects any individual or organisation to respect the labour of compiling and processing the data. It is not expected that any public figure will disseminate the data privately.&lt;/SPAN&gt;&lt;/P&gt;&lt;/DIV&gt;&lt;/DIV&gt;&lt;/DIV&gt;</idAbs><searchKeys><keyword>Administrative Zoning</keyword><keyword>2021</keyword><keyword>Reading the City by Numbers</keyword><keyword>Data Processing and Analysis</keyword></searchKeys><idCredit>Shu Jujun（Public media：Shudu Chengshi，CityDast）；Qing Da（Pen Name：Wendao Mugong；Public media：Data processing and analysis）</idCredit><resConst><Consts><useLimit>&lt;DIV STYLE="text-align:Left;"&gt;&lt;DIV&gt;&lt;DIV&gt;&lt;P&gt;&lt;SPAN&gt;Use with caution&lt;/SPAN&gt;&lt;/P&gt;&lt;/DIV&gt;&lt;/DIV&gt;&lt;/DIV&gt;</useLimit></Consts></resConst><dataChar><CharSetCd value="004"></CharSetCd></dataChar><dataExt xmlns=""><geoEle xmlns=""><GeoBndBox><exTypeCode>1</exTypeCode><westBL>73.502355</westBL><eastBL>135.095670</eastBL><southBL>3.837030</southBL><northBL>53.563624</northBL></GeoBndBox></geoEle></dataExt><tpCat><TopicCatCd value="003"/></tpCat><tpCat><TopicCatCd value="016"/></tpCat></dataIdInfo><mdLang><languageCode value="zho" Sync="TRUE"/><countryCode value="CHN" Sync="TRUE"/></mdLang><mdChar><CharSetCd value="004" Sync="TRUE"/></mdChar><distInfo xmlns=""><distFormat xmlns=""><formatName Sync="TRUE">Shapefile</formatName><formatVer>2022</formatVer></distFormat><distTranOps xmlns=""><transSize Sync="TRUE">0.000</transSize></distTranOps></distInfo><mdHrLv><ScopeCd value="005" Sync="TRUE"/></mdHrLv><mdHrLvName Sync="TRUE">dataset</mdHrLvName><refSysInfo><RefSystem><refSysID><identCode code="0" Sync="TRUE"/></refSysID></RefSystem></refSysInfo><spatRepInfo><VectSpatRep><geometObjs Name="QINGDAOCITY"><geoObjTyp><GeoObjTypCd value="002" Sync="TRUE"/></geoObjTyp><geoObjCnt Sync="TRUE">0</geoObjCnt></geometObjs><topLvl><TopoLevCd value="001" Sync="TRUE"/></topLvl></VectSpatRep></spatRepInfo><spdoinfo><ptvctinf><esriterm Name="QINGDAOCITY"><efeatyp Sync="TRUE">Simple</efeatyp><efeageom code="4" Sync="TRUE"/><esritopo Sync="TRUE">FALSE</esritopo><efeacnt Sync="TRUE">0</efeacnt><spindex Sync="TRUE">FALSE</spindex><linrefer Sync="TRUE">FALSE</linrefer></esriterm></ptvctinf></spdoinfo><eainfo><detailed Name="QINGDAOCITY" xmlns=""><enttyp><enttypl Sync="TRUE">QINGDAOCITY</enttypl><enttypt Sync="TRUE">Feature Class</enttypt><enttypc Sync="TRUE">0</enttypc></enttyp><attr xmlns=""><attrlabl Sync="TRUE">FID</attrlabl><attalias Sync="TRUE">FID</attalias><attrtype Sync="TRUE">OID</attrtype><attwidth Sync="TRUE">4</attwidth><atprecis Sync="TRUE">0</atprecis><attscale Sync="TRUE">0</attscale><attrdef Sync="TRUE">Internal feature number.</attrdef><attrdefs Sync="TRUE">Esri</attrdefs><attrdomv><udom Sync="TRUE">Sequential unique whole numbers that are automatically generated.</udom></attrdomv></attr><attr xmlns=""><attrlabl Sync="TRUE">Shape</attrlabl><attalias Sync="TRUE">Shape</attalias><attrtype Sync="TRUE">Geometry</attrtype><attwidth Sync="TRUE">0</attwidth><atprecis Sync="TRUE">0</atprecis><attscale Sync="TRUE">0</attscale><attrdef Sync="TRUE">Feature geometry.</attrdef><attrdefs Sync="TRUE">Esri</attrdefs><attrdomv><udom Sync="TRUE">Coordinates defining the features.</udom></attrdomv></attr><attr xmlns=""><attrlabl Sync="FALSE">Province</attrlabl><attalias Sync="FALSE">Province</attalias><attrtype Sync="TRUE">String</attrtype><attwidth Sync="TRUE">50</attwidth><atprecis Sync="TRUE">0</atprecis><attscale Sync="TRUE">0</attscale></attr><attr xmlns=""><attrlabl Sync="FALSE">Province code</attrlabl><attalias Sync="FALSE">Province code</attalias><attrtype Sync="TRUE">Integer</attrtype><attwidth Sync="TRUE">10</attwidth><atprecis Sync="TRUE">10</atprecis><attscale Sync="TRUE">0</attscale></attr><attr xmlns=""><attrlabl Sync="FALSE">City</attrlabl><attalias Sync="FALSE">City</attalias><attrtype Sync="TRUE">String</attrtype><attwidth Sync="TRUE">50</attwidth><atprecis Sync="TRUE">0</atprecis><attscale Sync="TRUE">0</attscale></attr><attr xmlns=""><attrlabl Sync="FALSE">City code</attrlabl><attalias Sync="FALSE">City code</attalias><attrtype Sync="TRUE">Integer</attrtype><attwidth Sync="TRUE">10</attwidth><atprecis Sync="TRUE">10</atprecis><attscale Sync="TRUE">0</attscale></attr><attr xmlns=""><attrlabl Sync="FALSE">City type</attrlabl><attalias Sync="FALSE">City type</attalias><attrtype Sync="TRUE">String</attrtype><attwidth Sync="TRUE">50</attwidth><atprecis Sync="TRUE">0</atprecis><attscale Sync="TRUE">0</attscale></attr><attr xmlns=""><attrlabl Sync="FALSE">Province type</attrlabl><attalias Sync="FALSE">Province type</attalias><attrtype Sync="TRUE">String</attrtype><attwidth Sync="TRUE">50</attwidth><atprecis Sync="TRUE">0</atprecis><attscale Sync="TRUE">0</attscale></attr><attr xmlns=""><attrlabl Sync="FALSE">Area</attrlabl><attalias Sync="FALSE">Area</attalias><attrtype Sync="TRUE">Single</attrtype><attwidth Sync="TRUE">13</attwidth><atprecis Sync="TRUE">0</atprecis><attscale Sync="TRUE">0</attscale></attr></detailed></eainfo><mdDateSt Sync="FALSE">20221215</mdDateSt></metadata>
